location,iso_a3,asmr_2017,asmr_lower,asmr_upper,deaths_2017,deaths_lower,deaths_upper,asmr_change_1990_2017
Afghanistan,AFG,414.1,363.5,467.5,93640.0,80710.0,107796.0,-56.1
Albania,ALB,42.4,34.2,51.8,1557.0,1239.0,1930.0,-68.2
Algeria,DZA,60.5,53.5,69.3,19665.0,17407.0,22458.0,-62.2
American Samoa,ASM,161.9,141.9,183.8,60.0,53.0,69.0,-25.2
Andorra,AND,24.1,19.4,29.3,36.0,29.0,45.0,-41.6
Angola,AGO,482.3,421.8,546.3,85518.0,73704.0,99534.0,-57.1
Antigua and Barbuda,ATG,83.5,73.0,95.0,78.0,69.0,89.0,-32.9
Argentina,ARG,97.1,83.4,111.6,51697.0,44188.0,59603.0,-29.0
Armenia,ARM,68.0,61.2,76.2,2596.0,2325.0,2910.0,-50.7
Australia,AUS,19.9,17.2,23.1,8702.0,7457.0,10197.0,-44.7
Austria,AUT,19.0,16.9,21.4,3554.0,3134.0,4032.0,-58.0
Azerbaijan,AZE,107.0,91.9,123.7,8641.0,7471.0,9939.0,-46.7
Bahrain,BHR,62.1,52.2,76.5,399.0,339.0,483.0,-65.2
Bangladesh,BGD,184.3,159.5,215.5,213628.0,184739.0,246668.0,-75.6
Barbados,BRB,95.3,83.4,109.5,428.0,375.0,494.0,-27.0
Belarus,BLR,42.8,37.1,49.9,6375.0,5484.0,7500.0,-45.3
Belgium,BEL,29.6,25.0,34.6,7675.0,6421.0,9089.0,-39.8
Belize,BLZ,137.6,124.0,153.1,383.0,344.0,427.0,-29.1
Benin,BEN,496.5,431.6,575.6,40074.0,34122.0,47830.0,-39.8
Bermuda,BMU,32.8,28.8,37.7,39.0,34.0,45.0,-62.9
Bhutan,BTN,171.0,141.3,201.5,1043.0,869.0,1221.0,-72.7
Bolivia,BOL,189.8,160.3,221.2,16794.0,14237.0,19646.0,-64.5
Bosnia and Herzegovina,BIH,53.7,45.5,63.2,2899.0,2443.0,3428.0,-52.6
Botswana,BWA,258.1,212.8,314.2,4079.0,3246.0,5228.0,-44.0
Brazil,BRA,103.4,93.5,113.8,217618.0,196489.0,239599.0,-54.9
Brunei,BRN,77.7,67.1,90.5,207.0,181.0,239.0,-44.1
Bulgaria,BGR,50.4,44.1,58.6,6861.0,5908.0,8138.0,-49.8
Burkina Faso,BFA,582.7,511.9,660.8,95694.0,79684.0,114013.0,-46.8
Burundi,BDI,618.4,529.4,707.5,41731.0,35757.0,48533.0,-50.0
Cambodia,KHM,309.1,277.5,347.6,33778.0,30004.0,37946.0,-59.8
Cameroon,CMR,529.2,460.9,607.3,91943.0,78497.0,105743.0,-33.9
Canada,CAN,23.1,20.2,26.2,16023.0,13838.0,18446.0,-40.6
Cape Verde,CPV,132.5,116.7,148.3,623.0,547.0,700.0,-50.5
Central African Republic,CAF,1081.4,942.9,1238.3,35644.0,30521.0,41545.0,-12.3
Chad,TCD,677.1,601.6,761.5,86201.0,74900.0,99328.0,-30.7
Chile,CHL,52.6,45.7,59.8,11834.0,10292.0,13509.0,-64.9
China,CHN,43.3,37.0,51.8,709315.0,606462.0,849843.0,-80.6
Colombia,COL,56.5,49.8,64.2,29293.0,25814.0,33157.0,-62.3
Comoros,COM,359.3,314.0,409.9,1719.0,1497.0,1983.0,-51.6
Congo (Brazzaville),COG,515.3,444.4,593.4,15727.0,13522.0,18414.0,-44.3
Costa Rica,CRI,50.2,45.4,55.6,2413.0,2175.0,2682.0,-43.6
Croatia,HRV,30.4,26.9,34.6,2639.0,2328.0,3033.0,-57.2
Cuba,CUB,53.6,45.9,62.4,9831.0,8348.0,11550.0,-37.4
Cyprus,CYP,26.2,22.8,30.4,490.0,424.0,569.0,-64.9
Czech Republic,CZE,31.5,27.6,36.2,6397.0,5575.0,7363.0,-60.4
Côte d’Ivoire,CIV,552.8,488.3,629.3,92448.0,80661.0,105931.0,-34.6
DR Congo,COD,559.6,492.5,647.8,310088.0,267665.0,359172.0,-36.9
Denmark,DNK,30.6,26.2,35.7,3629.0,3091.0,4269.0,-37.4
Djibouti,DJI,356.8,273.3,453.4,2432.0,1815.0,3202.0,-42.8
Dominica,DMA,130.8,116.1,148.3,109.0,98.0,123.0,-10.7
Dominican Republic,DOM,110.5,95.1,126.9,10489.0,8993.0,12120.0,-49.3
Ecuador,ECU,100.6,88.8,113.9,14639.0,12917.0,16513.0,-57.2
Egypt,EGY,140.9,120.8,165.2,80662.0,70098.0,93411.0,-63.4
El Salvador,SLV,112.7,94.9,132.3,6505.0,5484.0,7620.0,-56.4
Equatorial Guinea,GNQ,336.2,245.6,448.9,2611.0,1849.0,3557.0,-71.6
Eritrea,ERI,626.6,530.5,724.5,19562.0,16457.0,23088.0,-71.8
Estonia,EST,29.5,25.1,34.0,745.0,630.0,863.0,-61.6
Ethiopia,ETH,420.2,384.6,458.6,268383.0,245079.0,293270.0,-68.8
Federated States of Micronesia,FSM,279.9,239.2,331.0,184.0,155.0,221.0,-38.7
Fiji,FJI,247.0,203.7,308.0,1630.0,1338.0,2034.0,-13.5
Finland,FIN,18.4,16.0,21.0,2293.0,1993.0,2656.0,-64.3
France,FRA,23.7,20.9,26.9,37255.0,32363.0,42696.0,-57.8
Gabon,GAB,331.8,295.3,374.0,3858.0,3373.0,4359.0,-47.0
Georgia,GEO,78.6,69.0,89.3,4285.0,3744.0,4923.0,-28.4
Germany,DEU,27.1,23.7,31.3,54666.0,47302.0,63388.0,-43.5
Ghana,GHA,414.6,370.9,466.7,80422.0,70612.0,91546.0,-39.7
Greece,GRC,24.5,21.0,28.4,6525.0,5502.0,7673.0,-40.2
Greenland,GRL,88.9,77.2,100.8,51.0,44.0,57.0,-50.9
Grenada,GRD,134.6,119.3,152.3,210.0,187.0,240.0,-38.9
Guam,GUM,87.0,77.2,99.0,145.0,129.0,164.0,-17.0
Guatemala,GTM,193.3,168.0,219.6,23818.0,20646.0,27179.0,-65.4
Guinea,GIN,623.4,553.9,692.7,54448.0,47371.0,62019.0,-36.7
Guinea-Bissau,GNB,692.5,609.1,782.8,7932.0,6885.0,9105.0,-44.2
Guyana,GUY,193.1,168.7,219.6,1164.0,1016.0,1325.0,-35.0
Haiti,HTI,384.0,332.9,435.6,31342.0,27076.0,35740.0,-48.9
Honduras,HND,152.7,127.8,178.1,9875.0,8371.0,11481.0,-48.7
Hungary,HUN,37.8,33.4,42.8,7044.0,6181.0,8087.0,-62.9
Iceland,ISL,18.9,16.0,22.1,109.0,92.0,130.0,-48.0
India,IND,297.7,264.9,336.2,2942916.0,2638480.0,3289401.0,-54.2
Indonesia,IDN,231.5,203.7,259.8,422140.0,375836.0,471454.0,-51.3
Iran,IRN,54.7,48.8,61.6,34810.0,31163.0,39052.0,-66.0
Iraq,IRQ,115.1,97.9,135.9,41387.0,33879.0,50445.0,-52.4
Ireland,IRL,24.3,20.6,28.6,1794.0,1510.0,2131.0,-64.4
Israel,ISR,34.9,30.4,40.0,4244.0,3677.0,4868.0,-39.7
Italy,ITA,18.5,16.3,21.0,30073.0,26179.0,34465.0,-55.5
Jamaica,JAM,105.1,88.7,123.7,2954.0,2499.0,3488.0,-21.8
Japan,JPN,22.1,18.0,26.7,95616.0,75738.0,117393.0,-53.6
Jordan,JOR,58.0,50.1,67.7,3525.0,3021.0,4127.0,-63.1
Kazakhstan,KAZ,79.9,69.7,90.8,13046.0,11418.0,14748.0,-43.8
Kenya,KEN,409.9,368.2,452.9,117126.0,104804.0,130053.0,-29.8
Kiribati,KIR,530.9,459.8,618.6,380.0,328.0,441.0,-27.3
Kuwait,KWT,33.2,26.9,39.7,751.0,622.0,884.0,-62.2
Kyrgyzstan,KGZ,89.3,78.2,102.2,4456.0,3943.0,5005.0,-54.9
Laos,LAO,305.6,266.8,347.4,14952.0,12968.0,17149.0,-63.9
Latvia,LVA,43.4,37.4,50.6,1643.0,1402.0,1954.0,-46.8
Lebanon,LBN,34.8,29.9,40.6,2056.0,1768.0,2388.0,-74.8
Lesotho,LSO,695.0,591.3,814.2,9988.0,8405.0,11851.0,20.9
Liberia,LBR,493.9,436.3,567.6,15261.0,13164.0,17898.0,-58.2
Libya,LBY,78.0,67.0,90.2,3647.0,3140.0,4204.0,-41.9
Lithuania,LTU,46.0,40.4,52.5,2486.0,2161.0,2869.0,-27.8
Luxembourg,LUX,24.1,20.6,28.4,247.0,210.0,292.0,-52.2
Madagascar,MDG,524.8,449.7,608.9,92124.0,76341.0,109889.0,-34.8
Malawi,MWI,506.6,451.2,567.4,59903.0,52460.0,68640.0,-56.1
Malaysia,MYS,143.8,115.4,169.7,31997.0,25707.0,37391.0,-36.4
Maldives,MDV,45.4,40.5,52.4,126.0,113.0,143.0,-83.6
Mali,MLI,513.8,451.6,583.4,92171.0,78059.0,109770.0,-54.8
Malta,MLT,31.2,27.0,36.0,272.0,235.0,315.0,-45.7
Marshall Islands,MHL,307.6,264.6,357.1,98.0,85.0,115.0,-29.8
Mauritania,MRT,301.1,261.3,343.1,7676.0,6618.0,8860.0,-57.1
Mauritius,MUS,86.2,73.4,102.9,1244.0,1047.0,1507.0,-45.6
Mexico,MEX,94.2,84.6,106.1,105955.0,95151.0,119093.0,-55.4
Moldova,MDA,81.9,72.5,92.6,4089.0,3626.0,4633.0,-44.3
Mongolia,MNG,149.4,131.7,170.8,3518.0,3100.0,3990.0,-61.2
Montenegro,MNE,38.1,31.7,47.1,358.0,296.0,446.0,-40.4
Morocco,MAR,97.8,80.8,116.7,28173.0,23266.0,33599.0,-63.3
Mozambique,MOZ,638.5,552.8,736.3,120126.0,102270.0,140383.0,-42.6
Myanmar,MMR,277.9,243.5,319.9,115652.0,101106.0,132711.0,-64.2
Namibia,NAM,327.2,274.8,388.7,5626.0,4650.0,6800.0,-42.3
Nepal,NPL,265.2,229.4,303.1,54638.0,47275.0,62325.0,-64.4
Netherlands,NLD,26.8,23.1,31.1,9400.0,8073.0,10984.0,-38.2
New Zealand,NZL,21.5,19.0,24.5,1678.0,1475.0,1918.0,-51.9
Nicaragua,NIC,77.5,67.8,89.2,3884.0,3406.0,4430.0,-62.6
Niger,NER,588.5,516.1,666.5,101711.0,85894.0,120109.0,-52.1
Nigeria,NGA,431.0,349.1,532.8,753357.0,617579.0,919896.0,-48.0
North Korea,PRK,135.0,110.1,168.9,35442.0,28731.0,44796.0,-12.4
North Macedonia,MKD,41.9,35.8,49.4,1271.0,1076.0,1519.0,-62.6
Northern Mariana Islands,MNP,74.9,65.0,87.1,31.0,27.0,36.0,-37.4
Norway,NOR,22.9,19.6,26.6,2440.0,2064.0,2882.0,-51.1
Oman,OMN,58.3,47.7,70.4,1125.0,930.0,1350.0,-64.9
Pakistan,PAK,318.9,273.4,370.1,443007.0,381689.0,510976.0,-41.4
Palestine,PSE,90.3,79.6,102.9,2448.0,2174.0,2770.0,-49.1
Panama,PAN,68.0,60.3,77.1,2655.0,2357.0,3007.0,-41.5
Papua New Guinea,PNG,540.7,458.9,636.7,28839.0,24735.0,33939.0,-30.1
Paraguay,PRY,107.6,93.0,126.7,5786.0,5001.0,6812.0,-38.9
Peru,PER,88.8,75.0,104.1,28559.0,24096.0,33428.0,-68.9
Philippines,PHL,242.5,208.5,277.0,161259.0,139929.0,185364.0,-28.8
Poland,POL,38.2,33.7,43.3,25833.0,22657.0,29362.0,-62.0
Portugal,PRT,38.2,32.7,44.3,10035.0,8456.0,11812.0,-57.9
Puerto Rico,PRI,48.5,42.5,55.9,3228.0,2792.0,3758.0,-50.2
Qatar,QAT,42.9,34.4,52.7,297.0,244.0,362.0,-69.7
Romania,ROU,54.1,47.3,62.3,18185.0,15800.0,21007.0,-59.3
Russia,RUS,66.8,59.5,76.0,141660.0,125207.0,163131.0,-31.8
Rwanda,RWA,380.1,337.0,430.7,29022.0,25638.0,33107.0,-69.0
Saint Lucia,LCA,104.1,92.6,117.5,202.0,181.0,228.0,-46.1
Saint Vincent and the Grenadines,VCT,135.9,120.8,152.5,175.0,155.0,196.0,-26.3
Samoa,WSM,180.7,155.2,208.2,241.0,208.0,277.0,-25.7
Saudi Arabia,SAU,66.5,56.4,77.8,10233.0,8721.0,12022.0,-64.8
Senegal,SEN,408.6,363.7,460.4,38905.0,34220.0,44514.0,-46.1
Serbia,SRB,53.8,46.7,63.3,8155.0,7004.0,9677.0,-43.8
Seychelles,SYC,133.6,115.8,151.0,129.0,113.0,146.0,-43.4
Sierra Leone,SLE,611.9,529.6,694.6,35466.0,29952.0,41931.0,-40.1
Singapore,SGP,31.4,23.6,39.8,2026.0,1523.0,2574.0,-64.1
Slovakia,SVK,41.5,35.9,47.5,3491.0,3024.0,3997.0,-59.3
Slovenia,SVN,25.1,21.8,28.6,1116.0,960.0,1279.0,-63.4
Solomon Islands,SLB,407.9,360.5,460.4,1439.0,1264.0,1636.0,-27.0
Somalia,SOM,744.7,599.7,927.7,82919.0,65205.0,106881.0,-40.2
South Africa,ZAF,283.3,238.3,334.8,134680.0,110363.0,162718.0,-14.0
South Korea,KOR,26.8,23.0,31.1,20552.0,17552.0,23755.0,-77.2
South Sudan,SSD,706.2,579.1,855.8,54817.0,45593.0,66505.0,-28.6
Spain,ESP,24.0,21.3,27.2,26832.0,23399.0,30814.0,-57.0
Sri Lanka,LKA,69.5,57.3,83.0,14865.0,12159.0,17866.0,-70.4
Sudan,SDN,182.6,154.9,211.6,55750.0,46514.0,66774.0,-63.8
Suriname,SUR,164.4,147.4,183.3,879.0,786.0,981.0,-33.4
Swaziland (eSwatini),SWZ,485.2,407.6,574.8,3606.0,2985.0,4267.0,-7.8
Sweden,SWE,21.1,18.4,24.3,4936.0,4265.0,5722.0,-44.5
Switzerland,CHE,18.0,15.7,20.6,3409.0,2945.0,3912.0,-48.7
Syria,SYR,155.0,112.7,208.9,23234.0,15957.0,32552.0,-7.8
São Tomé and Príncipe,STP,320.1,282.3,362.1,370.0,328.0,414.0,-39.2
Taiwan (province of China),TWN,46.8,39.7,54.5,17527.0,14765.0,20505.0,-58.0
Tajikistan,TJK,154.2,134.8,176.6,11898.0,10162.0,13980.0,-40.6
Tanzania,TZA,399.8,358.1,444.8,149449.0,130949.0,172317.0,-53.4
Thailand,THA,87.3,74.2,100.9,76970.0,64908.0,89371.0,-59.8
The Bahamas,BHS,103.2,90.8,115.8,356.0,313.0,399.0,-32.3
The Gambia,GMB,426.6,375.0,483.8,5538.0,4788.0,6425.0,-34.9
Timor-Leste,TLS,229.8,199.2,262.6,2040.0,1765.0,2359.0,-61.2
Togo,TGO,486.1,424.3,557.5,23476.0,20088.0,27367.0,-36.2
Tonga,TON,206.0,175.8,242.4,162.0,139.0,191.0,-31.0
Trinidad and Tobago,TTO,96.9,80.2,118.7,1556.0,1263.0,1932.0,-44.9
Tunisia,TUN,54.6,44.8,66.5,5862.0,4776.0,7169.0,-63.6
Turkey,TUR,45.0,39.1,51.2,36418.0,31602.0,41683.0,-78.4
Turkmenistan,TKM,106.9,91.5,123.9,4418.0,3776.0,5087.0,-51.3
USA,USA,35.1,31.0,39.9,189623.0,166669.0,216828.0,-27.7
Uganda,UGA,441.9,395.0,498.9,109604.0,96445.0,123987.0,-62.9
Ukraine,UKR,65.1,57.0,74.9,43575.0,37504.0,51070.0,-23.5
United Arab Emirates,ARE,98.2,78.7,120.0,2681.0,2134.0,3301.0,-46.2
United Kingdom,GBR,34.8,29.8,40.6,47860.0,40515.0,56244.0,-40.2
Uruguay,URY,72.6,63.7,83.0,4074.0,3562.0,4682.0,-36.5
Uzbekistan,UZB,109.8,93.5,128.0,25422.0,21758.0,29183.0,-31.7
Vanuatu,VUT,389.4,318.2,466.9,696.0,557.0,863.0,-19.8
Venezuela,VEN,74.0,64.0,86.5,20012.0,17351.0,23360.0,-50.9
Vietnam,VNM,104.5,91.5,119.9,88651.0,77605.0,101988.0,-61.4
Virgin Islands,VIR,77.4,66.8,89.0,127.0,107.0,147.0,-37.0
Yemen,YEM,224.6,183.2,280.7,49846.0,40147.0,62208.0,-56.7
Zambia,ZMB,533.2,475.0,600.4,56755.0,48834.0,66028.0,-48.4
Zimbabwe,ZWE,537.1,470.7,608.6,50295.0,44185.0,56988.0,8.1
